,,,,,,,,Price performance,,,,,,,,,,,,,,
,Ticker,Name,Country,Theme 1,Sub theme,Sector 1,Sector 2,YTD,1M,3M,6M,1Y,3Y,5Y,,,Dividend yield (%),Trend,Trend,52-wk high,Trading value,RSI
,SNDK US Equity,SANDISK CORP,US,AI Supercycle,Data center buildout,Non-volatile storage - NAND,,238.769798240002,32.7340269724094,98.0522499311345,400.87558695519,2787.67417985686,2490.08331298828,2490.08331298828,,,#N/A N/A,Near 52 weeks high,,0.950430100632876,431208682683.811,63.8442710298507
,6809 HK Equity,MONTAGE TECHNOLOGY CO LTD-H,CN - A ,AI Supercycle,Chips buildout,Layer 1 - Fabless/Chips desginer,,114.800261951539,31.9540229885057,114.800261951539,114.800261951539,114.800261951539,114.800261951539,114.800261951539,,,0.186699329296479,Near 52 weeks high,,0.951768488745981,1562252198.48243,65.99353533897
,GEV US Equity,GE VERNOVA INC,US,AI Supercycle,Renewable energy,Energy components,,69.1604781542013,26.4039354413163,72.6046981631669,96.7059719189026,218.879866098054,775.83240327381,775.83240327381,,,0.173984150043931,Near 52 weeks high,,0.972570751723846,72904513950.9221,80.5194010561741
,175 HK Equity,GEELY AUTOMOBILE HOLDINGS LT,CN - H,Nextgen tech,,Automotive,,30,13.2057416267943,42.3586040914561,21.2090163934426,50.3176620076239,145.650383082117,9.88722472907678,,,2.15703192407248,Near 52 weeks high,RSI Overbought,0.904761904761905,8856362630.97612,59.8746313761126
,MRVL US Equity,MARVELL TECHNOLOGY INC,US,AI Supercycle,,Layer 1 - Fabless/Chips desginer,,85.210870968334,79.2550861396641,102.470340661115,96.7906781868463,188.78422738286,327.141376570159,249.873198560004,,,0.144962548100738,Near 52 weeks high,RSI Overbought,0.986298105564161,118475229692.255,89.2254715117272
,MU US Equity,MICRON TECHNOLOGY INC,US,AI Supercycle,,Layer 6 - HBM,,52.7233533766734,21.7910148966458,23.8068316381051,119.943384723177,522.216483106049,709.477400807769,448.406194468014,,,0.124551102036796,Near 52 weeks high,,0.97589258455747,601039894595.915,66.1762309991765
,9983 JT Equity,FAST RETAILING CO LTD,JP,Nextgen tech,,Consumer products,,21.5634837355719,12.3666343355965,16.8235294117647,25.6053487531623,50.2918918918919,118.104800753059,136.374971661755,,,0.917299699011036,Near 52 weeks high,RSI Overbought,0.921664464993395,16537113320.3591,51.2245183169925
,XLE US Equity,SS ENERGY SELECT SECTOR,US,Thematic,,Energy,,24.8192761056656,-6.34451094306981,15.7659478712644,29.3970694725476,38.0663909431459,32.0815937464913,138.111155629905,,,2.70395226209111,,,0.897888433658998,101105538227.873,48.5677040137013
,8035 JT Equity,TOKYO ELECTRON LTD,JP,AI Supercycle,Chips buildout,"Layer 4 - Other fab equipment - Manufacturing test, etch, deposition",,23.9642567018684,16.994633273703,11.4139693356048,51.2388503468781,124.57689477557,199.41137998692,179.942927028129,,,1.31136809949815,Near 52 weeks high,,0.983476394849785,25164955830.4642,62.3374179023617
,NEE US Equity,NEXTERA ENERGY INC,US,AI Supercycle,Renewable energy,Electricity provider,,18.929939453849,5.05348177253874,12.6126126126126,14.0267740789006,45.0640542577242,21.7737854251012,23.5082766585397,,,2.58992207514775,Near 52 weeks high,,0.995346432264736,25489178874.6513,64.598273967318
,SBUX US Equity,STARBUCKS CORP,US,Nextgen tech,,Consumer products,,18.5423376390703,8.21917907754657,3.33229618553654,15.6231861023665,18.6978308079267,-8.9212179380297,-14.1304339928163,,,2.49146073847045,Near 52 weeks high,,0.949627933600458,20472880295.0845,59.8795168292072
,300308 CH Equity,ZHONGJI INNOLIGHT CO LTD-A,CN - A ,AI Supercycle,Data center buildout,Photonics,,43.8629693188562,48.7093618926043,52.0854526958291,81.5789473684211,1002.91405385467,1370.3196347032,3690.52218533052,,,0.222608076221005,Near 52 weeks high,RSI Overbought,0.976695398863031,94967900221.191,83.6611920510566
,KO US Equity,COCA-COLA CO/THE,US,Nextgen tech,,Consumer products,,10.3587945302327,2.15615210833919,5.1267899383915,9.42475796771895,5.18477493008395,19.2806861286894,42.1543026077094,,,2.77850574778386,Near 52 weeks high,,0.930243902439024,32899470591.4943,50.9023242086741
,NFLX US Equity,NETFLIX INC,US,Nextgen tech,,Media,,2.01120968768461,2.08974889443931,8.30805098579255,-15.2088721968555,-15.3773923119201,182.110509071863,81.8930035171942,,,#N/A N/A,Near 52 weeks high,RSI Overbought,0.692092607090929,140041591230.753,41.4237660964805
,2269 HK Equity,WUXI BIOLOGICS CAYMAN INC,CN - H,Nextgen tech,,Pharmaceutical sciences,,4.24093423478796,0.118063754427388,-11.250654107797,-6.45339216767787,48.4463894967177,-31.8745257865976,-70.4176403350339,,,#N/A N/A,,,0.757727272727273,4281331748.57453,42.9791865112388
,PEP US Equity,PEPSICO INC,US,Nextgen tech,,Consumer products,,9.47057368223455,3.39331758300165,6.73887499022567,2.73836816116277,15.0690983284622,-16.0646916721066,8.60769876411982,,,3.65446374901764,Near 52 weeks high,,0.907977606717985,31680641615.5465,48.8960268991362
,6680 HK Equity,JL MAG RARE-EARTH CO LTD -H,CN - H,AI Supercycle,Chips buildout,Precious metals mining,,3.73443983402489,6.95187165775401,-13.7187230371009,-14.7485080988917,50.3759398496241,63.4320735444331,-5.32544378698223,,,2.34197189737001,Near 52 weeks high,,0.654266211604096,359575691.150611,44.4213552415929
,600111 CH Equity,CHINA NORTHERN RARE EARTH -A,CN - A ,AI Supercycle,Chips buildout,Precious metals mining,,0.661686232657407,3.55731225296442,-8.81670533642692,-7.8726313733151,105.04347826087,87.2171496625645,131.972454500738,,,0.279509772590042,Near 52 weeks high,,0.731634418750983,21778504406.1852,40.0549994824237
,1321 JT Equity,NF NIKKEI 225 ETF,JP,Index,,Index,,15.2904063833735,14.3146274149034,13.0047289923609,21.4188000781708,69.4762684124386,108.140703517588,105.388429752066,,,1.16350177019633,Near 52 weeks high,,0.987132644956315,4503123291.29744,64.184594382586
,GLD US Equity,SPDR GOLD SHARES,US,Geopolitics,,Commodity,,8.22537123253036,6.6587505369366,-7.24338098882679,14.1767346219861,39.9162555733833,133.234136975771,158.35531559873,,,#N/A N/A,,,0.845673925838729,132405966766.18,46.032061865191
,ANET US Equity,ARISTA NETWORKS INC,US,AI Supercycle,,Networking,,29.1541939010163,31.9189625777965,20.0598406984121,12.1765720008827,129.180506112044,340.853354756663,759.874808866641,,,#N/A N/A,,,0.966774988794263,32928299885.2446,72.1122926103649
,300750 CH Equity,CONTEMPORARY AMPEREX TECHN-A,CN - A ,AI Supercycle,,Lithium,,16.2649006622516,10.5569409808811,28.3145738927057,13.7724550898204,85.2915101110314,99.0576496674058,126.36676217765,,,0.990495235480067,,RSI Overbought,0.966411391779196,70812590333.6049,60.764745332385
,ST SP Equity,SINGAPORE TELECOMMUNICATIONS,SG,Nextgen tech,,Communication services,,1.74672155921636,-5.28455594690834,4.48430151148227,8.12064611164988,22.9551410926678,83.4645609217366,82.7450920553768,,,3.97379904595004,,,0.869070208728653,3592221550.06042,33.4197260420636
,AMD US Equity,ADVANCED MICRO DEVICES,US,AI Supercycle,Chips buildout,Layer 1 - Fabless/Chips desginer,,36.6313091566052,48.6731200137633,21.4953589480186,20.7219621114446,223.203119056066,248.66962038628,257.487397930296,,,#N/A N/A,Near 52 weeks high,RSI Overbought,0.98423699310167,294809524469.468,83.639551742582
,1211 HK Equity,BYD CO LTD-H,CN - H,Nextgen tech,,Automotive,,4.81012658227848,-3.27102803738318,5.0761421319797,-0.480769230769231,-20.4661885245902,35.1174934725848,75.3246753246753,,,0.408034586527239,Near 52 weeks high,,0.631643717782089,12863169926.5346,46.8184829626064
,AMZN US Equity,AMAZON.COM INC,US,AI Supercycle,,Hyperscalers,,12.6181023536665,23.0843475347687,6.98766958772532,13.7683429958765,36.7427907317759,140.16571116755,49.6509250988881,,,#N/A N/A,Near 52 weeks high,RSI Overbought,0.985664051934001,337982140380.491,76.3658945576447
,AVGO US Equity,BROADCOM INC,US,AI Supercycle,Chips buildout,Layer 1 - Fabless/Chips desginer,,20.8043272658093,31.9362852874442,29.2719724307854,18.5835716944078,123.194261196602,561.802254296666,789.986229609847,,,0.619091817185172,Near 52 weeks high,RSI Overbought,0.978174279658056,259932866523.726,77.1646317491745
,600519 CH Equity,KWEICHOW MOUTAI CO LTD-A,CN - A ,Nextgen tech,,Consumer products,,-0.490883590462833,0.82922981816632,5.73770491803279,-2.13793103448276,-8.58431309389596,-16.7741935483871,-31.7072701196446,,,3.59919084114644,Near 52 weeks high,,0.877434650455927,21757427749.844,45.2231901796439
,GOOGL US Equity,ALPHABET INC-CL A,US,AI Supercycle,,Hyperscalers,,7.5329254794344,16.6815916018584,1.68937605726385,30.3824309973982,112.763695786312,219.798069876793,193.420159613874,,,0.247838779032236,Near 52 weeks high,RSI Overbought,0.971031518624642,265418559705.12,66.2447186561623
,002371 CH Equity,NAURA TECHNOLOGY GROUP CO-A,CN - A ,AI Supercycle,Chips buildout,"Layer 4 - Other fab equipment - Manufacturing test, etch, deposition",,0.103264420138671,6.98198198198198,-4.27632904759986,14.5130183220829,40.5695120347231,92.6196269261963,285.366586538462,,,0.162893611303939,Near 52 weeks high,,0.876011235955056,19697565641.3995,54.0095991811283
,SPAB US Equity,SS SPDR P AGG BOND ETF,US,Thematic,,Bonds,,-0.349651831661713,0.706712283196995,-0.73529559392309,-1.64877446882563,1.22336076768064,-0.388350995998938,-14.0703530367495,,,4.0955320436355,Near 52 weeks high,,0.980129919755445,3700077083.02354,48.7474574727245
,SPY US Equity,SS SPDR S&P 500 ETF TRUST-US,US,Index,,Index,,3.70039846700401,8.46168165085142,2.26928416656291,4.60686780465578,29.588983191028,71.6913487160486,69.6439290742634,,,1.01460878123291,New 52 weeks high,,0.994469321579472,1556828900912.49,67.7662340360132
,2899 HK Equity,ZIJIN MINING GROUP CO LTD-H,CN - H,AI Supercycle,Chips buildout,Precious metals mining,,-0.108283703302651,5.85197934595525,-12.5177809388336,13.3292383292383,114.037122969838,180.395136778115,221.428571428571,,,1.87879436545902,,,0.766283524904215,9157233697.68966,48.3463204407789
,OR FP Equity,L'OREAL,EU,Nextgen tech,,Consumer products,,3.05730737592543,7.87887485648681,-2.35126006755,0.306912196423815,-1.29989495798319,-14.0324794144556,9.65718453683443,,,1.91565779147669,,,0.920411411779111,6602290782.70299,60.7880186390558
,9633 HK Equity,NONGFU SPRING CO LTD-H,CN - H,Nextgen tech,,Consumer products,,-1.9884009942005,11.4985862393968,-2.75380189066995,-12.289156626506,28.7619047619048,11.2103407755582,13.75,,,2.41415138601598,,,0.835911111111111,1438378390.81677,53.0286893719237
,XLK US Equity,SS TECHNOLOGY SELECT SECTOR,US,Thematic,,Technology,,7.99722545938365,14.4619877619468,6.68126802977178,6.16526761897311,51.720777235935,111.868664724207,117.304603413359,,,0.429940954982867,Near 52 weeks high,RSI Overbought,0.985331310065756,57363344716.9212,71.8282100568223
,SAN FP Equity,SANOFI,US,Nextgen tech,,Pharmaceutical sciences,,-0.680272108843523,5.13051305130514,2.35353029544318,-7.91755828359049,-12.4156400642742,-20.4823964209298,-3.71802049280913,,,5.03913880327676,,,0.831232208214721,7378907269.95699,56.5641714417654
,386 HK Equity,CHINA PETROLEUM & CHEMICAL-H,CN - H,AI Supercycle,Traditional energy,Integrated oil & gas,,-2.76595744680851,0,-13.1178707224334,8.55106888361046,16.5816326530612,-11.2621359223301,16.5816326530612,,,4.95657390579746,,,0.794736842105263,3053908966.96875,43.4763105769646
,MP US Equity,MP MATERIALS CORP,US,AI Supercycle,Chips buildout,Precious metals mining,,15.1901031377555,18.821541930614,-0.189155588234204,-10.5776024645894,143.444827738655,178.452065500546,97.8749990463257,,,#N/A N/A,,,0.631617797417469,10280162930.8979,57.9880232128852
,XLC US Equity,SS COMM SELECT SECTOR SPDR,US,Thematic,,Communication services,,0.419161154532448,5.63304183357189,-0.322663335613109,1.59238372102851,25.1892922999344,103.695990611918,53.2306479436737,,,1.21661473076087,Near 52 weeks high,,0.974959511648187,20251171201.5908,58.9744985099811
,BRK/B US Equity,BERKSHIRE HATHAWAY INC-CL B,US,Nextgen tech,,Financial,,-5.29335054987044,-1.83172599399813,-2.67235034377134,-4.37919370189621,-11.4908607717687,44.3183523364419,73.7244287798009,,,#N/A N/A,,,0.868061320493663,70485050789.3797,40.5535568457283
,8136 JT Equity,SANRIO CO LTD,JP,Nextgen tech,,Consumer products,,-2.87158993064333,-8.40961331179085,0.776329792901537,-33.273133121288,-18.5379939292794,129.442669327851,704.073640278407,,,1.3937282387848,,,0.545250431778929,4267629209.63594,40.3151799146155
,NVDA US Equity,NVIDIA CORP,US,AI Supercycle,Chips buildout,Layer 1 - Fabless/Chips desginer,,5.71352893282946,13.9497713411235,7.06279797803852,7.1835065981147,87.5786896454462,638.25900225445,1189.83072354082,,,0.020030044619895,Near 52 weeks high,,0.940855337600894,895381884681.972,64.6439092728266
,7203 JT Equity,TOYOTA MOTOR CORP,JP,Nextgen tech,,Automotive,,-9.67931744630774,-6.14490981351269,-11.7054932413,-1.82283338663256,15.52210724365,70.7452725250278,85.7229280096794,,,3.09849967384214,,,0.7665,12844355161.9053,33.5224152790391
,9618 HK Equity,JD.COM INC-CLASS A,CN - H,Nextgen tech,,Superapp,,3.12771503040835,10.7276119402985,2.32758620689655,-7.8416149068323,-4.42834138486312,-14.2341040462428,-60.3275401069519,,,3.3384058481592,,RSI Overbought,0.815716272600834,5036991412.70908,58.4570225866278
,600900 CH Equity,CHINA YANGTZE POWER CO LTD-A,CN - A ,AI Supercycle,Renewable energy,Electricity provider,,-1.20967741935485,-0.553505535055358,3.73364126250962,-4.39872295140121,-8.52002715546504,28.150261531146,33.6805555555556,,,3.51210435231527,,,0.8608528374479,9856318493.99694,53.8157160973812
,BA US Equity,BOEING CO/THE,US,Geopolitics,,Artillery machines,,2.80106857640794,19.208835096469,-5.74810051262554,5.78269432865795,32.8435231456283,13.7920950072821,-3.01938622577685,,,#N/A N/A,,,0.920581875368587,45939404344.3515,64.1056676986201
,META US Equity,META PLATFORMS INC-CLASS A,US,AI Supercycle,,Hyperscalers,,1.34377153089014,11.1701451146972,-1.96471764916674,-10.727825936662,23.6331284655468,209.765507972209,117.512547655116,,,0.318529290230641,Near 52 weeks high,,0.827817896389325,339519315087.565,57.5591939062708
,AAPL US Equity,APPLE INC,US,AI Supercycle,,Hyperscalers,,0.892953276920135,8.65919276576906,7.05531994666664,4.0369807000157,31.2233011833667,65.3843783195919,102.961692900669,,,0.380353275738956,Near 52 weeks high,,0.947370244612293,349368134141.847,62.9407630385239
,XLV US Equity,SS HEALTH CARE SELECT SECTOR,US,Thematic,,Healthcare,,-5.96102791256892,1.00145417029081,-7.50157780318528,0.143809828914649,6.44152084807051,8.28582413414591,18.6435222238878,,,1.62658646409308,Near 52 weeks high,,0.910642007596986,48014339946.7673,43.8676281784446
,300 HK Equity,MIDEA GROUP CO LTD-H,CN - H,Nextgen tech,,Consumer products,,0.279955207166853,8.34845735027222,4.98241500586167,6.60714285714285,23.4321157822192,63.4124087591241,63.4124087591241,,,9.80772083907162,Near 52 weeks high,,0.935263157894737,1495312372.81122,60.2982071244439
,RACE IM Equity,FERRARI NV,EU,Nextgen tech,,Automotive,,-3.30382548213721,9.50590762620838,7.42887249736566,-13.5772817179994,-23.7091544025942,20.1768172888016,70.5324783942013,,,1.18195194034224,,,0.67996887505558,5926414179.83009,53.8517776444896
,2318 HK Equity,PING AN INSURANCE GROUP CO-H,CN - H,Nextgen tech,,Financial,Insurance,-9.1317365269461,2.01680672268908,-10.8663729809104,9.07457322551663,32.9682365826944,15.289648622982,-29.4186046511628,,,5.03014848805183,,,0.810575635876841,9127582124.80504,44.205062425956
,XLF US Equity,SS FINANCIAL SELECT SECTOR,US,Thematic,,Financial,,-5.69816268512553,5.11363481546377,-3.01441820434273,-2.46658023524657,7.35751137214621,56.3065758511181,45.8333311854182,,,1.94202311710962,Near 52 weeks high,,0.916570821905689,68373093625.0149,57.1723030398928
,PANW US Equity,PALO ALTO NETWORKS INC,US,Nextgen tech,,Cybersecurity,,-3.43423832643854,10.1774738972503,-5.97654613295669,-20.2201618009916,-1.60758537044581,80.4740887875668,187.509348018702,,,#N/A N/A,,,0.774607575689817,42347221966.39,56.351292635
,ABBV US Equity,ABBVIE INC,US,Nextgen tech,,Pharmaceutical sciences,,-12.3675387256368,-2.07115158467729,-8.97767044967968,-11.8601706442203,11.4098779998016,22.4707441176513,80.402187762135,,,3.44347137554436,,,0.820840651934153,42871397386.5058,36.4140373146607
,2382 HK Equity,SUNNY OPTICAL TECH,CN - H,AI Supercycle,Data center buildout,Photonics,,-6.84326710816778,19.6597353497164,2.09677419354838,-20.8255159474672,-1.17096018735363,-25.7478005865103,-68.158953722334,,,1.95846672981016,,,0.678336980306346,3276660571.98577,58.9776751505922
,MA US Equity,MASTERCARD INC - A,US,Nextgen tech,,Financial,,-10.7879166652793,0.691480745357564,-4.73680125856863,-12.4270042214492,-6.17786484838971,34.064527762072,29.6564907948519,,,0.692675163032143,,,0.834837230170996,53222140703.8985,45.776185785804
,V US Equity,VISA INC-CLASS A SHARES,US,Nextgen tech,,Financial,,-10.8519958200149,1.68554282420744,-5.96973884050885,-11.082962495592,-7.99201546489157,32.7032157083745,34.0974233232667,,,0.867678980398615,,,0.822561316609411,65421378476.7627,48.9599244658896
,1318 HK Equity,MAO GEPING COSMETICS CO LT-H,CN - H,Nextgen tech,,Consumer products,,-8.94259818731119,-2.89948453608247,-16.8781025923883,-21.4695153725899,-26.9156159068865,152.852348993289,152.852348993289,,,1.55050711022429,,,0.566232771822358,557503496.274419,48.3752565540194
,002230 CH Equity,IFLYTEK CO LTD - A,CN - A ,Nextgen tech,,Consumer products,,-9.19390787518574,4.39888960068333,-15.953240501977,-6.96479543292102,8.1876521354282,-16.7971409121852,-2.93825689894778,,,0.208550576621723,,,0.710666666666667,7055268676.5819,50.3575461169664
,LLY US Equity,ELI LILLY & CO,US,Nextgen tech,,Pharmaceutical sciences,,-15.0607182407658,1.62012185932344,-13.6532557596742,11.1696679888621,6.73700166494859,139.376555214311,390.145296663851,,,0.75410015542897,,,0.809250848802857,83664585102.1304,45.5913613924747
,RKLB US Equity,ROCKET LAB CORP,US,Spacetech,,Rocket launch,,11.3304362075551,28.0460094961724,5.11928239826179,31.0408898298034,286.654472002382,2058.16322638064,690.654191346926,,,#N/A N/A,,,0.849568186382808,59667600967.4887,60.5728803738342
,CRWD US Equity,CROWDSTRIKE HOLDINGS INC - A,US,Nextgen tech,,Cybersecurity,,-1.80563193958342,13.3336763399673,-4.89825237579538,-15.5370525205876,7.56913770038341,241.556759699722,98.4185034296064,,,#N/A N/A,,,0.785658846357382,48211993872.0368,58.4260305589902
,688256 CH Equity,CAMBRICON TECHNOLOGIES-A,CN - A ,AI Supercycle,Chips buildout,Layer 1 - Fabless/Chips desginer,,-4.82014388489209,28.6339329120078,1.76923076923077,-13.2459016393443,91.1960228914966,444.444444444444,918.475750577367,,,0.115742526890847,,RSI Overbought,0.81209113467178,44785255630.3541,65.8804423144677
,3690 HK Equity,MEITUAN-CLASS B,CN - H,Nextgen tech,,Superapp,,-20.5544933078394,5.18987341772151,-14.4181256436663,-17.3956262425447,-34.5669291338583,-39.6075581395349,-72.7540983606557,,,#N/A N/A,,,0.549732977303071,20705504442.2358,47.0717190071452
,9988 HK Equity,ALIBABA GROUP HOLDING LTD,CN - H,AI Supercycle,,Hyperscalers,,-12.4832214765101,5.84415584415585,-21.0653753026634,-22.5193107546049,14.5869947275923,50.0575373993095,-41.9412288512912,,,0.806760955995755,,,0.685821697099893,41808372679.8698,49.4967088965127
,9896 HK Equity,MINISO GROUP HOLDING LTD,CN - H,Nextgen tech,,Consumer products,,-22.4598930481283,-11.3149847094801,-22.0430107526882,-33.7294332723949,-11.0429447852761,-8.94819466248038,110.144927536232,,,4.52248606108559,,,0.553994225216554,373184980.544389,34.0668915444984
,RMS FP Equity,HERMES INTERNATIONAL,EU,Nextgen tech,,Consumer products,,-20.4372623574144,1.48529857532586,-21.7757009345794,-23.7010027347311,-29.811320754717,-16.8818272095333,60.038240917782,,,1.0752688172043,,,0.642363775901765,6884432695.08305,43.5317754063113
,BKNG US Equity,BOOKING HOLDINGS INC,US,Nextgen tech,,Superapp,,-16.9907198677487,2.98556162819155,-13.4813442771886,-14.135005518678,-8.47602615592061,64.8978053431554,79.7518559951185,,,0.950548799110508,,,0.756709778788151,41244170963.1774,48.1800884412887
,9984 JP Equity,SOFTBANK GROUP CORP,JP,AI Supercycle,,Hyperscalers,Financial,29.100758396533,68.7818696883853,46.5682656826568,-0.201005025125628,239.487179487179,371.547289275821,135.145535273804,,,0.185873605947955,,,0.854739122585304,59026923718.2162,80.575920395852
,6758 JT Equity,SONY GROUP CORP,JP,Nextgen tech,,Consumer technology,,-20.9610198578083,-0.247524752475248,-9.08065425831923,-26.3422435458076,-5.39530082918695,35.8426449632187,42.6347772113797,,,0.775915580384854,,,0.674623115577889,9923188304.13442,40.5998772028499
,700 HK Equity,TENCENT HOLDINGS LTD,CN - H,AI Supercycle,,Hyperscalers,,-20.5136436597111,-3.65758754863813,-17.3978315262719,-22.321568627451,5.1380042462845,43.536231884058,-21.2092283214002,,,1.08517612422909,,,0.715080527086384,44070281594.4211,43.4132273533076
,TSLA US Equity,TESLA INC,US,AI Supercycle,,Hyperscalers,,-14.6894329169532,-2.43061869286919,-14.1268379548017,-13.8338095497779,44.0098652154842,129.910797428916,51.8775404581562,,,#N/A N/A,,,0.749193111881803,831160150520.714,47.7319152085298
,MSFT US Equity,MICROSOFT CORP,US,AI Supercycle,,Hyperscalers,,-12.0924430160274,11.5388742823416,-11.5952198690142,-20.5993010064743,7.34572682674929,47.5494197395039,58.9562225195947,,,0.875526182779116,,,0.748492213520569,427849337241.083,59.7550359222332
,9999 HK Equity,NETEASE INC,CN - H,Nextgen tech,,Consumer products,,-24.6503496503496,-2.65386787125917,-17.2744721689059,-25.2385082393755,6.81536555142503,19.8887343532684,0,,,2.73819862743149,,,0.684677419354839,3386296635.03037,40.9466860115944
,9992 HK Equity,POP MART INTERNATIONAL GROUP,CN - H,Nextgen tech,,Consumer technology,,-19.4199896426722,-28.3609576427256,-28.4926470588235,-32.4652777777778,-13.6035535813437,779.09604519774,126.162790697674,,,1.74830802424159,,,0.459682165979988,23466936146.9936,38.5100096553837
,1810 HK Equity,XIAOMI CORP-CLASS B,CN - H,Nextgen tech,,Consumer products,,-22.5918570009931,-4.58996328029376,-11.4707552526973,-32.0993031358885,-35.3112033195021,173.989455184534,18.1060606060606,,,#N/A N/A,,,0.502847843775427,19976615262.9913,42.2802287696411
,9888 HK Equity,BAIDU INC-CLASS A,CN - H,AI Supercycle,,Hyperscalers,,-16.2030598052851,7.01598579040853,-22.508038585209,2.29202037351443,42.8571428571429,-1.14848236259229,-43.8490214352283,,,#N/A N/A,,,0.733250620347395,4465061086.45862,54.6335267119574
,GRAB US Equity,GRAB HOLDINGS LTD - CL A,US,Nextgen tech,,Superapp,,-22.0472433435635,4.4854891331655,-13.1578939002857,-32.3076916556073,-15.3846145695091,35.6164396625676,-70.9464413929056,,,#N/A N/A,,,0.598187311178248,6777511686.33365,53.5904293591472
,NOVOB DC Equity,NOVO NORDISK A/S-B,US,Nextgen tech,,Pharmaceutical sciences,,-25.2990158970477,3.65546218487395,-37.8667674096461,-27.8865828705057,-39.8439405023165,-57.222125888677,8.63055922501101,,,4.75899931229007,,,0.462504686914136,7141271571.05962,48.0047975926627
,COIN US Equity,COINBASE GLOBAL INC -CLASS A,US,Nextgen tech,,Financial,Superapp,-16.3192860627484,9.32942591459416,-7.28405814325405,-44.1601329696493,-2.91362501801087,261.515968357591,-35.0068980509026,,,#N/A N/A,,,0.445141629839535,62406295802.5456,54.8707624037106
,NKE US Equity,NIKE INC -CL B,US,Nextgen tech,,Consumer products,,-29.2351473146383,-16.2834197433224,-31.09709373858,-35.2047478233297,-23.426814672885,-64.7651280358039,-65.9726453044857,,,3.66316726757848,,,0.558597891848063,43806024642.8089,35.3533426223417
,9961 HK Equity,TRIP.COM GROUP LTD,CN - H,Nextgen tech,,Superapp,,-28.6792452830189,4.68277945619336,-15.5221454693214,-26.2765957446808,-6.89655172413793,46.2025316455696,39.1566265060241,,,#N/A N/A,,,0.674061990212072,3351451927.20547,51.9500327892238
,1024 HK Equity,KUAISHOU TECHNOLOGY,CN - H,Nextgen tech,,Media,,-33.3735849056604,-16.4015151515151,-43.8422391857506,-41.1074049366244,-12.5074331020813,-11.8081918081918,-83.9139941690962,,,1.5987024967929,,,0.466090712742981,9458856131.24342,30.9308586548406
,EL US Equity,ESTEE LAUDER COMPANIES-CL A,EU,Nextgen tech,,Consumer products,,-28.4376156557897,6.8830463428636,-34.3586205637263,-25.2153469793668,30.2642822265625,-69.873816433013,-75.8418967507102,,,1.83246070177767,,,0.628108685822337,10707532454.9088,45.6966075744165
,2097 HK Equity,MIXUE GROUP-H,CN - H,Nextgen tech,,Consumer products,,-25.4178957718781,-11.234640140433,-32.064487236901,-23.0339928970066,-36.1263157894737,49.8271604938272,49.8271604938272,,,#N/A N/A,,,0.484074373484236,710756368.932107,48.22722711951
,CRM US Equity,SALESFORCE INC,US,Nextgen tech,,SaaS,,-31.6694254980846,-5.31089331670976,-24.4550989312302,-31.9938770742229,-34.5296550616706,-11.0917283748421,-26.3993871350727,,,1.01604894958045,,,0.585374092214153,80484780974.3256,40.9408807208712
,HOOD US Equity,ROBINHOOD MARKETS INC - A,US,Nextgen tech,,Financial,Superapp,-27.4889324576622,20.9322537862295,-21.9252327892268,-40.2389291683759,73.4994826906072,788.723413994972,119.84210767244,,,#N/A N/A,,,0.542961486391191,83276685430.6532,55.8092976549199
,,,,,,,,,,,,,,,,,,,,,,
,,,,,,,,,,,,,,,,,,,,,,
,,,,,,,,,,,,,,,,,,,,,,
,,,,,,,,,,,,,,,,,,,,,,
,,,,,,,,,,,,,,,,,,,,,,
,,,,,,,,,,,,,,,,,,,,,,
,,,,,,,,,,,,,,,,,,,,,,
,,,,,,,,,,,,,,,,,,,,,,
,,,,,,,,,,,,,,,,,,,,,,
,,,,,,,,,,,,,,,,,,,,,,
,,,,,,,,,,,,,,,,,,,,,,
,,,,,,,,,,,,,,,,,,,,,,
,,,,,,,,,,,,,,,,,,,,,,
,,,,,,,,,,,,,,,,,,,,,,
,,,,,,,,,,,,,,,,,,,,,,
,,,,,,,,,,,,,,,,,,,,,,
,,,,,,,,,,,,,,,,,,,,,,
,,,,,,,,,,,,,,,,,,,,,,
,,,,,,,,,,,,,,,,,,,,,,
,,,,,,,,,,,,,,,,,,,,,,
,,,,,,,,,,,,,,,,,,,,,,
,,,,,,,,,,,,,,,,,,,,,,
,,,,,,,,,,,,,,,,,,,,,,
,,,,,,,,,,,,,,,,,,,,,,
,,,,,,,,,,,,,,,,,,,,,,
,,,,,,,,,,,,,,,,,,,,,,
,,,,,,,,,,,,,,,,,,,,,,
,,,,,,,,,,,,,,,,,,,,,,
,,,,,,,,,,,,,,,,,,,,,,
,,,,,,,,,,,,,,,,,,,,,,
,,,,,,,,,,,,,,,,,,,,,,
,,,,,,,,,,,,,,,,,,,,,,
,,,,,,,,,,,,,,,,,,,,,,
,,,,,,,,,,,,,,,,,,,,,,
,,,,,,,,,,,,,,,,,,,,,,
,,,,,,,,,,,,,,,,,,,,,,
,,,,,,,,,,,,,,,,,,,,,,
,,,,,,,,,,,,,,,,,,,,,,
,,,,,,,,,,,,,,,,,,,,,,
,,,,,,,,,,,,,,,,,,,,,,
,,,,,,,,,,,,,,,,,,,,,,
,,,,,,,,,,,,,,,,,,,,,,
,,,,,,,,,,,,,,,,,,,,,,
,,,,,,,,,,,,,,,,,,,,,,
,,,,,,,,,,,,,,,,,,,,,,
,,,,,,,,,,,,,,,,,,,,,,
,,,,,,,,,,,,,,,,,,,,,,
,,,,,,,,,,,,,,,,,,,,,,
,,,,,,,,,,,,,,,,,,,,,,
,,,,,,,,,,,,,,,,,,,,,,
,,,,,,,,,,,,,,,,,,,,,,
,,,,,,,,,,,,,,,,,,,,,,
,,,,,,,,,,,,,,,,,,,,,,
,,,,,,,,,,,,,,,,,,,,,,
,,,,,,,,,,,,,,,,,,,,,,
,,,,,,,,,,,,,,,,,,,,,,
,,,,,,,,,,,,,,,,,,,,,,
,,,,,,,,,,,,,,,,,,,,,,
,,,,,,,,,,,,,,,,,,,,,,
,,,,,,,,,,,,,,,,,,,,,,
,,,,,,,,,,,,,,,,,,,,,,
