,2569-04-24,,,,,,,,Price performance,,,,,,,,,,,,,
,Ticker,Name,Country,Theme 1,Sub Theme,Sector 1,Sector 2,Inception date,YTD,1M,3M,6M,1Y,3Y,5Y,,Dividend yield (%),Trend,Trend,52-wk high,Trading value,RSI
,SNDK US Equity,SANDISK CORP,US,AI Supercycle,Data center buildout,Non-volatile storage - NAND,,2569-05-13,238.769798240002,32.7340269724094,98.0522499311345,400.87558695519,2787.67417985686,2490.08331298828,2490.08331298828,,#N/A N/A,Near 52 weeks high,,0.950430100632876,431208682683.811,63.8442710298507
,6809 HK Equity,MONTAGE TECHNOLOGY CO LTD-H,CN - A ,AI Supercycle,Chips buildout,Layer 1 - Fabless/Chips desginer,,2569-05-13,114.800261951539,31.9540229885057,114.800261951539,114.800261951539,114.800261951539,114.800261951539,114.800261951539,,0.186699329296479,Near 52 weeks high,,0.951768488745981,1562252198.48243,65.99353533897
,GEELY80 TB Equity,GEELY AUTOMOBILE HOLDINGS-DR,CN - H,Nextgen tech,,Automotive,,2568-09-10,37.7622377622377,13.8728323699422,50.381679389313,18.6746987951807,27.0967741935484,27.0967741935484,27.0967741935484,,#N/A N/A,,RSI Overbought,0.757692307692308,2473717.38888889,61.9628784797108
,GEV US Equity,GE VERNOVA INC,US,AI Supercycle,Renewable energy,Energy components,,2569-05-13,69.1604781542013,26.4039354413163,72.6046981631669,96.7059719189026,218.879866098054,775.83240327381,775.83240327381,,0.173984150043931,Near 52 weeks high,,0.972570751723846,72904513950.9221,80.5194010561741
,PETROC80 TB Equity,PETROCHINA CO LTD-DR,CN - H,AI Supercycle,Traditional energy,Integrated oil & gas,,2568-11-11,36.144578313253,1.34529147982062,28.4090909090909,22.8260869565217,22.8260869565217,22.8260869565217,22.8260869565217,,2.60907085200327,,,0.941666666666667,458627.432222222,56.449215062818
,UNIQLO80 TB Equity,FAST RETAILING CO LTD-DR,JP,Nextgen tech,,Consumer products,,,21.9298245614035,10.3174603174603,16.8067226890756,18.8034188034188,28.7037037037037,49.4623655913978,49.4623655913978,,0.787769772594781,Near 52 weeks high,RSI Overbought,0.908496732026144,1076989.75555556,51.3177151422698
,MRVL80 TB Equity,MARVELL TECHNOLOGY INC-DR,US,AI Supercycle,Chips buildout,Layer 1 - Fabless/Chips desginer,,2569-03-11,82.4324356543051,83.6734726315453,82.4324356543051,82.4324356543051,82.4324356543051,82.4324356543051,82.4324356543051,,0.145185186907097,Near 52 weeks high,RSI Overbought,0.990825688073395,2758852.45789474,88.8375912571769
,CATL80 TB Equity,CONTEMPORARY AMPEREX TECH-DR,CN - A ,AI Supercycle,,Lithium,,2568-09-10,42.6829268292683,9.34579439252336,58.9673913043478,25.5364806866953,67.1428571428571,67.1428571428571,67.1428571428571,,1.08560680324196,Near 52 weeks high,,0.959016393442623,4619023.75,63.6381184622314
,WUXIAT80 TB Equity,WUXI APPTEC CO LTD-DR,CN - H,Nextgen tech,,Pharmaceutical sciences,,2568-11-11,18.5714285714286,6.41025641025643,9.69162995594715,16.9014084507042,16.9014084507042,16.9014084507042,16.9014084507042,,#N/A N/A,New 52 weeks high,,0.930841121495327,618026.953333333,52.0448690616105
,SPENGY80 TB Equity,ENERGY SELECT SECTOR SPDR-DR,US,Thematic,,Energy,,2568-11-11,24.161075425628,-5.61224368153786,19.3548402478618,25.8503417579495,25.8503417579495,25.8503417579495,25.8503417579495,,1.78162169617576,,,0.822222222222222,2209812.05699013,49.1706199937991
,SBUX80 TB Equity,STARBUCKS CORP-DR,US,Nextgen tech,,Consumer products,,,22.9007644507721,5.92105357270492,6.62251750364998,15.8273391586414,21.0526326545199,21.0526326545199,21.0526326545199,,2.46211169114024,Near 52 weeks high,,0.981707317073171,145512.442261513,63.0898864469418
,NEE US Equity,NEXTERA ENERGY INC,US,AI Supercycle,Renewable energy,Electricity provider,,2569-05-13,18.929939453849,5.05348177253874,12.6126126126126,14.0267740789006,45.0640542577242,21.7737854251012,23.5082766585397,,2.58992207514775,Near 52 weeks high,,0.995346432264736,25489178874.6513,64.598273967318
,KO80 TB Equity,COCA-COLA CO/THE-DR,US,Nextgen tech,,Consumer products,,,14.6788990825688,2.45901639344263,11.6071428571428,8.69565217391305,6.83760683760684,6.83760683760684,6.83760683760684,,2.23839998245239,Near 52 weeks high,,0.968992248062015,437770.848421053,54.8632954265631
,ZJINNO80 TB Equity,ZHONGJI INNOLIGHT CO LTD-DR,CN - A ,AI Supercycle,Data center buildout,Photonics,,,66.40625,50,66.40625,66.40625,66.40625,66.40625,66.40625,,0.109859149763142,Near 52 weeks high,RSI Overbought,0.990697674418605,6585888.69666667,85.7044373904558
,NFLX80 TB Equity,NETFLIX INC-DR,US,Nextgen tech,,Media,,,4.86111044883728,-0.65789536425942,11.0294110634748,-17.9347831269969,-19.251337408382,-19.251337408382,-19.251337408382,,#N/A N/A,,RSI Overbought,0.616326530612245,10613354.1421053,46.2281605998418
,SINGTE80 TB Equity,SINGAPORE TELECOMMUNICATIONS,SG,Nextgen tech,,Communication services,,,8.18181818181819,-6.29921259842519,8.18181818181819,10.1851851851852,22.680412371134,72.463768115942,72.463768115942,,3.62689079356795,Near 52 weeks high,,0.901515151515152,331974.355555556,31.3704065216833
,PEP80 TB Equity,PEPSICO INC-DR,US,Nextgen tech,,Consumer products,,,13.3333312140571,3.03030110368825,12.0879099919246,3.03030110368825,17.2413771179901,17.2413771179901,17.2413771179901,,2.94117640484782,Near 52 weeks high,,0.944444444444444,254984.801726974,52.9065991493266
,NIKKEI80 TB Equity,NEXT FUNDS NIKKEI 225 EXC-DR,JP,Index,,Index,,2568-09-10,17.7570093457944,11.5044247787611,14.5454545454545,14.5454545454545,29.2307692307692,29.2307692307692,29.2307692307692,,#N/A N/A,Near 52 weeks high,,0.992125984251969,128524.505555556,67.0545161288793
,SUNNY80 TB Equity,SUNNY OPTICAL TECHNOLOGY -DR,CN - H,AI Supercycle,Data center buildout,Photonics,,,12.0689655172414,17.1171171171171,12.0689655172414,12.0689655172414,12.0689655172414,12.0689655172414,12.0689655172414,,1.9161537862741,New 52 weeks high,,0.935251798561151,464765.610588235,58.4431669276199
,6680 HK Equity,JL MAG RARE-EARTH CO LTD -H,CN - H,AI Supercycle,Chips buildout,Precious metals mining,,2569-05-13,3.73443983402489,6.95187165775401,-13.7187230371009,-14.7485080988917,50.3759398496241,63.4320735444331,-5.32544378698223,,2.34197189737001,,,0.654266211604096,359575691.150611,44.4213552415929
,600111 CH Equity,CHINA NORTHERN RARE EARTH -A,CN - A ,AI Supercycle,Chips buildout,Precious metals mining,,2569-05-13,0.661686232657407,3.55731225296442,-8.81670533642692,-7.8726313733151,105.04347826087,87.2171496625645,131.972454500738,,0.279509772590042,,,0.731634418750983,21778504406.1852,40.0549994824237
,BYDCOM80 TB Equity,BYD CO LTD-DR,CN - H,Nextgen tech,,Automotive,,,7.69230769230768,-6.66666666666667,7.69230769230768,-4.54545454545455,-75.2941176470588,-57.1428571428572,-69.5652173913043,,0.399999996824634,,,0.205882352941176,6978258.16666667,46.3175615790613
,GLD US Equity,SPDR GOLD SHARES,US,Geopolitics,,Commodity,,2569-05-13,8.22537123253036,6.6587505369366,-7.24338098882679,14.1767346219861,39.9162555733833,133.234136975771,158.35531559873,,#N/A N/A,,,0.845673925838729,132405966766.18,46.032061865191
,ANET US Equity,ARISTA NETWORKS INC,US,AI Supercycle,Data center buildout,Networking,,2569-05-13,29.1541939010163,31.9189625777965,20.0598406984121,12.1765720008827,129.180506112044,340.853354756663,759.874808866641,,#N/A N/A,Near 52 weeks high,,0.966774988794263,32928299885.2446,72.1122926103649
,TEL80 TB Equity,TOKYO ELECTRON LTD-DR,JP,AI Supercycle,Chips buildout,"Layer 4 - Other fab equipment - Manufacturing test, etch, deposition",,2569-03-11,12.8834355828221,12.8834355828221,12.8834355828221,12.8834355828221,12.8834355828221,12.8834355828221,12.8834355828221,,0.733043512572413,New 52 weeks high,RSI Overbought,0.983957219251337,282013.5405625,65.4257018855119
,CAMBRI80 TB Equity,CAMBRICON TECHNOLOGIES CO-DR,CN - A ,AI Supercycle,Chips buildout,Layer 1 - Fabless/Chips desginer,,2569-03-11,22.3300970873786,28.0487804878049,22.3300970873786,22.3300970873786,22.3300970873786,22.3300970873786,22.3300970873786,,#N/A N/A,New 52 weeks high,RSI Overbought,0.954545454545455,1269354.44666667,70.6739662805174
,NAURA80 TB Equity,NAURA TECHNOLOGY GROUP CO-DR,CN - A ,AI Supercycle,Chips buildout,"Layer 4 - Other fab equipment - Manufacturing test, etch, deposition",,2569-03-11,7.61904761904763,8.65384615384616,7.61904761904763,7.61904761904763,7.61904761904763,7.61904761904763,7.61904761904763,,#N/A N/A,Near 52 weeks high,,1,1294090.54444444,58.1450935574885
,AMD80 TB Equity,ADVANCED MICRO DEVICES IN-DR,US,AI Supercycle,Chips buildout,Layer 1 - Fabless/Chips desginer,,,36.1111137602064,49.6183235226697,24.0506353257578,25.6410280863444,196.969702749541,196.969702749541,196.969702749541,,#N/A N/A,Near 52 weeks high,RSI Overbought,0.97029702970297,39707009.1578947,84.6776678852104
,AMZN80 TB Equity,AMAZON.COM INC- DR,US,AI Supercycle,,Hyperscalers,,,15.0837956860079,20.4678329110843,10.7526850956742,13.8121515347813,35.5263120249698,35.5263120249698,35.5263120249698,,#N/A N/A,Near 52 weeks high,RSI Overbought,0.980952380952381,14697184.8947368,72.4533856972538
,MICRON80 TB Equity,MICRON TECHNOLOGY INC - DR,US,AI Supercycle,Chips buildout,Layer 6 - HBM,,2569-03-11,20.1550387596899,16.5413533834586,20.1550387596899,20.1550387596899,20.1550387596899,20.1550387596899,20.1550387596899,,9.96129046524725E-02,Near 52 weeks high,,0.96875,4733982.85789474,64.4811359582485
,AVGO80 TB Equity,BROADCOM INC-DR,US,AI Supercycle,Chips buildout,Layer 1 - Fabless/Chips desginer,,,23.6363649368286,30.7692321447226,36.0000014305115,19.2982468688697,114.173230599231,114.173230599231,114.173230599231,,0.505882335881538,Near 52 weeks high,RSI Overbought,0.97841726618705,12413013.9473684,77.2988373694965
,SANOFI80 TB Equity,SANOFI SA - DR,US,Nextgen tech,,Pharmaceutical sciences,,,3.99999618530273,6.84931114928363,6.12244508704361,-7.14286054883684,-11.8644100124553,-16.1290353344333,-16.1290353344333,,4.89583334479576,,,0.847826086956522,332797.799358553,57.106156654858
,GOOG80 TB Equity,ALPHABET INC-DRX,US,AI Supercycle,,Hyperscalers,,,10.3238827786465,12.1399137708876,6.86274135813994,29.7619002205985,100.367640046512,100.367640046512,100.367640046512,,0.201834861291658,Near 52 weeks high,,0.981981981981982,36359435.7894737,72.8629685508802
,SPBOND80 TB Equity,STATE STREET SPDR PORTFOL-DR,US,Thematic,,Bonds,,2568-11-11,2.46913815722054,-0.598800110959717,2.46913815722054,-10.2702682082717,-10.2702682082717,-10.2702682082717,-10.2702682082717,,3.93831334918378,,,0.897297297297297,289274.813178454,49.13147017919
,SP500US8 TB Equity,STATE STREET SPDR PORTFOL-DR,US,Index,,Index,,2568-11-11,6.29921447573684,7.14285903506809,7.14285903506809,3.84615568014291,3.84615568014291,3.84615568014291,3.84615568014291,,0.942222222133919,New 52 weeks high,RSI Overbought,0.992647058823529,1189928.66269737,69.4394414446629
,NONGFU80 TB Equity,NONGFU SPRING CO LTD-DR,CN - H,Nextgen tech,,Consumer products,,,2.08333333333334,12,0.512820512820513,-12.5,24.0506329113924,14.6198830409357,14.6198830409357,,2.36479584507796,,,0.837606837606838,837974.917777778,55.5994701750186
,LOREAL80 TB Equity,L'OREAL SA - DR,EU,Nextgen tech,,Consumer products,,,5.18518200627079,7.57575432459513,-3.02220733572021E-06,-1.38889186912112,-0.699303700373719,-1.38889186912112,-1.38889186912112,,1.85211267794522,,,0.916129032258064,269921.597453947,62.0740314615033
,ZIJIN80 TB Equity,ZIJIN MINING GROUP CO LTD-DR,CN - H,AI Supercycle,,Precious metals mining,,2568-11-11,2.02702702702702,4.13793103448276,-10.1190476190476,10.2189781021898,10.2189781021898,10.2189781021898,10.2189781021898,,#N/A N/A,,,0.803191489361702,1529812.51055556,47.899016820475
,600519 CH Equity,KWEICHOW MOUTAI CO LTD-A,CN - A ,Nextgen tech,,Consumer products,,2569-05-13,-0.490883590462833,0.82922981816632,5.73770491803279,-2.13793103448276,-8.58431309389596,-16.7741935483871,-31.7072701196446,,3.59919084114644,,,0.877434650455927,21757427749.844,45.2231901796439
,BRKB80 TB Equity,BERKSHIRE HATHAWAY INC-DR,US,Nextgen tech,,Financial,,,-1.923078757066,-2.54777252294456,1.99999809265137,-5.55555732161911,-9.46745731421476,-9.46745731421476,-9.46745731421476,,#N/A N/A,,,0.85,2957593.44210526,41.7618695755633
,SPTECH80 TB Equity,SS TECHNOLOGY SELECT SECTOR,US,Thematic,,Consumer technology,,2568-11-11,11.4754077515315,13.3333312140571,13.3333312140571,6.24999801317851,6.24999801317851,6.24999801317851,6.24999801317851,,0.430588226984529,,RSI Overbought,0.88695652173913,147504.963681641,76.177013184051
,SPCOM80 TB Equity,COMMUNICATION SERVICES SE-DR,US,Thematic,,Communication services,,2568-11-11,2.70270141395362,2.70270141395362,4.3956030856122,2.15053635258828,2.15053635258828,2.15053635258828,2.15053635258828,,1.23157891395845,Near 52 weeks high,,0.984455958549223,57067.4299995503,56.9957895548405
,SPHLTH80 TB Equity,HEALTH CARE SELECT SECTOR-DR,US,Thematic,,Healthcare,,2568-11-11,-2.88066275325823,-4.44509214747214E-06,-3.67347366955816,-1.25523451481903,-1.25523451481903,-1.25523451481903,-1.25523451481903,,1.65084739989143,Near 52 weeks high,,0.907692307692308,313163.99522204,43.1915075354754
,JD80 TB Equity,JD.COM INC-DR,CN - H,Nextgen tech,,Superapp,,,6.11353711790394,9.95475113122173,4.74137931034484,-10.8256880733945,-10.8256880733945,-32.027972027972,-32.027972027972,,3.23086425110146,,,0.790243902439024,4794336.08333333,59.4611332539136
,META80 TB Equity,META PLATFORMS INC -DR,US,AI Supercycle,,Hyperscalers,,,4.68750260770321,8.94309214460172,4.68750260770321,-11.258275935192,9.8360683097214,9.8360683097214,9.8360683097214,,0.261194037912942,,,0.827160493827161,13251131.2105263,62.8630142328348
,CYPC80 TB Equity,CHINA YANGTZE POWER CO LT-DR,CN - A ,AI Supercycle,Renewable energy,Electricity provider,,2569-03-11,0.793650793650791,-2.30769230769231,0.793650793650791,0.793650793650791,0.793650793650791,0.793650793650791,0.793650793650791,,#N/A N/A,Near 52 weeks high,,0.954887218045113,93094.7277777778,52.9674596455022
,AAPL80 TB Equity,APPLE INC-DRX,US,AI Supercycle,,Hyperscalers,,,5.32543927254762,9.20244930711991,14.8387047552293,4.70587786506204,34.8484790686405,34.8484790686405,34.8484790686405,,0.293033699808496,Near 52 weeks high,,0.962162162162162,16693037.8894737,70.0760011406493
,NVDA80 TB Equity,NVIDIA CORP-DRX,US,AI Supercycle,Chips buildout,Layer 1 - Fabless/Chips desginer,,,8.33333333333333,14.0350877192982,12.0689655172414,9.2436974789916,73.7967914438503,73.7967914438503,73.7967914438503,,0.016246154331244,Near 52 weeks high,,0.948905109489051,35485286.5789474,68.2402180384425
,MP US Equity,MP MATERIALS CORP,US,AI Supercycle,Chips buildout,Precious metals mining,,2569-05-13,15.1901031377555,18.821541930614,-0.189155588234204,-10.5776024645894,143.444827738655,178.452065500546,97.8749990463257,,#N/A N/A,,,0.631617797417469,10280162930.8979,57.9880232128852
,TOYOTA80 TB Equity,TOYOTA MOTOR CORP-DR,JP,Nextgen tech,,Automotive,,,-6.56934306569342,-5.18518518518518,-8.57142857142857,-4.4776119402985,3.22580645161291,-10.4895104895105,-10.4895104895105,,3.48062510602176,,,0.810126582278481,246520.472222222,35.7047508372137
,BA US Equity,BOEING CO/THE,US,Geopolitics,,Artillery machines,,2569-05-13,2.80106857640794,19.208835096469,-5.74810051262554,5.78269432865795,32.8435231456283,13.7920950072821,-3.01938622577685,,#N/A N/A,,,0.920581875368587,45939404344.3515,64.1056676986201
,FERARI80 TB Equity,FERRARI NV - DR,EU,Nextgen tech,,Automotive,,,-0.854703707572735,10.4761872972761,10.4761872972761,-13.4328383118359,-22.6666688919067,-24.6753268427663,-24.6753268427663,,1.13793102831676,,,0.69047619047619,88903.4700164474,56.3174063621491
,SPFIN80 TB Equity,FINANCIAL SELECT SECTOR S-DR,US,Thematic,,Financial,,2568-11-11,-2.90697230849155,3.72671281328852,1.21212583599669,-2.90697230849155,-2.90697230849155,-2.90697230849155,-2.90697230849155,,3.02251513132792,Near 52 weeks high,,0.943502824858757,63071.3894839638,56.1251559539146
,300 HK Equity,MIDEA GROUP CO LTD-H,CN - H,Nextgen tech,,Consumer technology,,2569-05-13,0.279955207166853,8.34845735027222,4.98241500586167,6.60714285714285,23.4321157822192,63.4124087591241,63.4124087591241,,9.80772083907162,Near 52 weeks high,,0.935263157894737,1495312372.81122,60.2982071244439
,PINGAN80 TB Equity,PING AN INSURANCE GROUP C-DR,CN - H,Nextgen tech,,Financial,Insurance,,-8.69565217391304,0.800000000000001,-7.35294117647059,8.62068965517242,29.2307692307692,7.6923076923077,9.56521739130436,,4.75436508182495,,,0.857142857142857,2697119.76111111,45.8595988139472
,PANW80 TB Equity,PALO ALTO NETWORKS INC-DR,US,Nextgen tech,,Cybersecurity,,2568-09-10,-1.73912877621858,5.60747841808284,1.68791913779387E-06,-20.4225338680643,-11.0236205453948,-11.0236205453948,-11.0236205453948,,#N/A N/A,,,0.768707482993197,1195022.88881579,59.7724597422941
,ABBV US Equity,ABBVIE INC,US,Nextgen tech,,Pharmaceutical sciences,,2569-05-13,-12.3675387256368,-2.07115158467729,-8.97767044967968,-11.8601706442203,11.4098779998016,22.4707441176513,80.402187762135,,3.44347137554436,,,0.820840651934153,42871397386.5058,36.4140373146607
,MA80 TB Equity,MASTERCARD INC-DR,US,Nextgen tech,,Financial,,,-7.34463357656016,0.613496054900942,-0.606061473037252,-12.7659582077189,-11.8279577583395,-11.8279577583395,-11.8279577583395,,0.670731703682644,,,0.836734693877551,616933.478881579,48.9967669302663
,VISA80 TB Equity,VISA INC-DR,US,Nextgen tech,,Financial,,,-7.40740740740741,0.806451612903226,-0.793650793650794,-11.9718309859155,-12.5874125874126,-12.5874125874126,-12.5874125874126,,0.684799998998642,,,0.806451612903226,1836442.95526316,49.1703174623224
,LLY80 TB Equity,ELI LILLY & CO-DR,US,Nextgen tech,,Pharmaceutical sciences,,,-11.3095232418605,1.36054486644512,-9.69696911898526,9.55882423064287,9.55882423064287,9.55882423064287,9.55882423064287,,0.595973129540482,,,0.814207650273224,10414433.6144737,46.2859306743553
,CRWD80 TB Equity,CROWDSTRIKE HOLDINGS INC-DR,US,Nextgen tech,,Cybersecurity,,2568-09-10,2.81690409485723,8.14815097384983,4.28571701049805,-15.6069342111577,7.35294398139505,7.35294398139505,7.35294398139505,,#N/A N/A,,,0.797814207650273,5158404.72368421,61.3256085396393
,IFLYTE80 TB Equity,IFLYTEK CO LTD-DR,CN - A ,Nextgen tech,,Consumer technology,,2569-03-11,-5.69105691056911,3.57142857142855,-5.69105691056911,-5.69105691056911,-5.69105691056911,-5.69105691056911,-5.69105691056911,,#N/A N/A,Near 52 weeks high,,0.943089430894309,27122.2056111111,47.6166976581395
,HOOD80 TB Equity,ROBINHOOD MARKETS INC-DR,US,Nextgen tech,,Financial,Superapp,2569-03-11,8.00000190734863,16.3793124001602,8.00000190734863,8.00000190734863,8.00000190734863,8.00000190734863,8.00000190734863,,#N/A N/A,New 52 weeks high,,0.906040268456376,587797.385263158,55.0730567372143
,1318 HK Equity,MAO GEPING COSMETICS CO LT-H,CN - H,Nextgen tech,,Consumer products,,2569-05-13,-8.94259818731119,-2.89948453608247,-16.8781025923883,-21.4695153725899,-26.9156159068865,152.852348993289,152.852348993289,,1.55050711022429,,,0.566232771822358,557503496.274419,48.3752565540194
,CRM80 TB Equity,SALESFORCE INC - DR,US,Nextgen tech,,SaaS,,2569-03-11,-8.87096620375111,-10.3174588036916,-8.87096620375111,-8.87096620375111,-8.87096620375111,-8.87096620375111,-8.87096620375111,,0.983362836120403,,,0.862595419847328,26642.4870888158,41.3340687758023
,RKLB US Equity,ROCKET LAB CORP,US,Spacetech,,Rocket launch,,2569-05-13,11.3304362075551,28.0460094961724,5.11928239826179,31.0408898298034,286.654472002382,2058.16322638064,690.654191346926,,#N/A N/A,,,0.849568186382808,59667600967.4887,60.5728803738342
,MEITUA80 TB Equity,MEITUAN-DR,CN - H,Nextgen tech,,Superapp,,,-19.4312796208531,3.03030303030303,-12.3711340206186,-20.5607476635514,-38.1818181818182,-55.8441558441558,-55.8441558441558,,#N/A N/A,,,0.544,2344217.66555556,46.9005361771567
,SANRIO80 TB Equity,SANRIO CO LTD-DR,JP,Nextgen tech,,Consumer products,,2569-03-11,-11.5044247787611,-8.25688073394496,-11.5044247787611,-11.5044247787611,-11.5044247787611,-11.5044247787611,-11.5044247787611,,0.700400024652481,Near 52 weeks high,,0.869565217391304,45886.078125,40.3786711166564
,BKNG80 TB Equity,BOOKING HOLDINGS INC-DR,US,Nextgen tech,,Superapp,,,-14.4578339105629,-0.699303700373719,-10.126584994642,-15.9763339003162,-16.9590668371546,-16.9590668371546,-16.9590668371546,,0.780281663255792,,,0.747368421052632,360944.913026316,47.2007986042784
,HERMES80 TB Equity,HERMES INTERNATIONAL SCA-DR,EU,Nextgen tech,,Consumer products,,,-18.589744812403,1.59999847412109,-19.1082814696488,-24.8520721345258,-29.8342551974302,-19.1082814696488,-19.1082814696488,,0.951496048236456,,,0.658031088082901,858247.070723684,43.8757234681666
,MNSO80 TB Equity,MINISO GROUP HOLDING LTD-DR,CN - H,Nextgen tech,,Consumer products,,2568-09-10,-21.4285714285714,-11.0294117647059,-17.1232876712329,-33.5164835164835,-40.9756097560976,-40.9756097560976,-40.9756097560976,,2.54157013144375,,,0.587378640776699,165493.344444444,29.7065414901317
,TENCEN80 TB Equity,TENCENT HOLDINGS LTD-DR,CN - H,AI Supercycle,,Hyperscalers,,,-18.8118811881188,-4.20560747663551,-14.2259414225941,-24.0740740740741,0.985221674876844,36.6666666666667,39.4557823129252,,1.05746344822209,,,0.719298245614035,11505247.6888889,42.5816945508344
,BABA80 TB Equity,ALIBABA GROUP HOLDING LTD-DR,CN - H,AI Supercycle,,Hyperscalers,,,-15.0793650793651,3.88349514563105,-18.3206106870229,-25.6944444444445,9.18367346938774,40.7894736842105,9.18367346938774,,1.44000003271014,,,0.685897435897436,35882913.1666667,49.7033114672079
,SONY80 TB Equity,SONY GROUP CORP-DR,JP,Nextgen tech,,Consumer technology,,,-18.9320388349515,-0.595238095238096,-6.70391061452515,-29.2372881355932,-20.4761904761905,12.0805369127517,12.0805369127517,,0.68083834906895,,,0.668,152785.406666667,43.9345181679164
,NETEAS80 TB Equity,NETEASE INC-DR,CN - H,Nextgen tech,,Consumer products,,,-21.978021978022,-4.05405405405406,-13.4146341463415,-27.1794871794872,2.15827338129496,12.6984126984127,19.327731092437,,2.5647887041871,,,0.689320388349514,728791.766666667,39.9287148650636
,XIAOMI80 TB Equity,XIAOMI CORP-DR,CN - H,Nextgen tech,,Consumer technology,,,-19.375,-5.83941605839415,-7.85714285714285,-33.5051546391753,-37.6811594202899,158,104.761904761905,,#N/A N/A,,,0.505882352941176,20055927.9444444,41.6767951482939
,MSFT80 TB Equity,MICROSOFT CORP-DRX,US,AI Supercycle,,Hyperscalers,,,-8.7248296545656,8.80000305175781,-6.20689392089844,-20.9302303402923,-3.54609658532109,-3.54609658532109,-3.54609658532109,,0.845294117051012,,,0.739130434782609,31734592.3684211,63.38048823082
,TSLA80 TB Equity,TESLA INC-DRX,US,AI Supercycle,,Hyperscalers,,,-13.5714258466448,-1.62601315878271,-12.3188378154368,-17.6870722348998,32.240441327538,32.240441327538,32.240441327538,,#N/A N/A,,,0.770700636942675,29092263.5789474,47.982732831082
,POPMAR80 TB Equity,POP MART INTERNATIONAL GR-DR,CN - H,Nextgen tech,,Consumer products,,,-17.8343949044586,-28.3333333333333,-25,-34.8484848484849,-17.8343949044586,22.8571428571429,22.8571428571429,,1.73178292060083,,,0.454225352112676,8500752.94444444,39.9252658403729
,BIDU80 TB Equity,BAIDU INC-DR,CN - H,AI Supercycle,,Hyperscalers,,,-13.3333333333333,5.55555555555557,-19.0163934426229,-1.19999999999999,36.4640883977901,-20.96,-20.96,,#N/A N/A,,,0.76,27432805.8888889,54.1914999595471
,GRAB80 TB Equity,GRAB HOLDINGS LTD-DR,US,Nextgen tech,,Superapp,,2568-09-10,-19.3750023841858,10.2564069959852,-9.79021245783026,-31.3829807524985,-23.6686413104717,-23.6686413104717,-23.6686413104717,,#N/A N/A,,,0.594470046082949,1225642.59934211,54.5601470188614
,NOVOB80 TB Equity,NOVO NORDISK A/S-DR,US,Nextgen tech,,Pharmaceutical sciences,,,-24.0963861166713,4.99999920527141,-36.3636368452901,-28.4090914509513,-39.4230773815742,-68.0203048105772,-68.0203048105772,,3.25714282336689,,,0.466666666666667,5077689.24934211,49.5328123111736
,NIKE80 TB Equity,NIKE INC-DR,US,Nextgen tech,,Consumer products,,,-26.2626243360115,-15.1162768519202,-28.43137067907,-35.3982284005764,-22.3404235028206,-22.3404235028206,-22.3404235028206,,2.96438368011827,,,0.557251908396946,1807722.06776316,31.8433916377898
,COIN US Equity,COINBASE GLOBAL INC -CLASS A,US,Nextgen tech,,Financial,Superapp,2569-05-13,-16.3192860627484,9.32942591459416,-7.28405814325405,-44.1601329696493,-2.91362501801087,261.515968357591,-35.0068980509026,,#N/A N/A,,,0.445141629839535,62406295802.5456,54.8707624037106
,ESTEE80 TB Equity,ESTEE LAUDER COS INC/THE-DR,EU,Nextgen tech,,Consumer products,,,-27.6785712156977,-6.89655145009359,-33.0578510426293,-26.3636361468922,28.5714289498708,28.5714289498708,28.5714289498708,,1.50617281043971,,,0.623076923076923,6740943.10572368,41.2795493289818
,TRIPCO80 TB Equity,TRIP.COM GROUP LTD-DR,CN - H,Nextgen tech,,Superapp,,,-27.1186440677966,4.24242424242425,-13.1313131313131,-28.3333333333333,-11.7948717948718,-21.1009174311927,-21.1009174311927,,0.561627905902474,,,0.671875,6139501.57222222,53.318540977769
,KUAISH80 TB Equity,KUAISHOU TECHNOLOGY-DR,CN - H,Nextgen tech,,Media,,2568-09-10,-38.5906040268456,-16.0550458715596,-41.3461538461538,-42.4528301886792,-39.8026315789474,-39.8026315789474,-39.8026315789474,,1.5606557125928,,,0.459798994974874,8651366.21666667,31.5000632058077
,9984 JP Equity,SOFTBANK GROUP CORP,JP,AI Supercycle,,Hyperscalers,,2569-05-13,29.100758396533,68.7818696883853,46.5682656826568,-0.201005025125628,239.487179487179,371.547289275821,135.145535273804,,0.185873605947955,,,0.854739122585304,59026923718.2162,80.575920395852
,,,,,,,,,,,,,,,,,,,,,,
,,,,,,,,,,,,,,,,,,,,,,
,,,,,,,,,,,,,,,,,,,,,,
,,,,,,,,,,,,,,,,,,,,,,
,,,,,,,,,,,,,,,,,,,,,,
,,,,,,,,,,,,,,,,,,,,,,
,,,,,,,,,,,,,,,,,,,,,,
,,,,,,,,,,,,,,,,,,,,,,
,,,,,,,,,,,,,,,,,,,,,,
,,,,,,,,,,,,,,,,,,,,,,
,,,,,,,,,,,,,,,,,,,,,,
,,,,,,,,,,,,,,,,,,,,,,
,,,,,,,,,,,,,,,,,,,,,,
,,,,,,,,,,,,,,,,,,,,,,
,,,,,,,,,,,,,,,,,,,,,,
,,,,,,,,,,,,,,,,,,,,,,
,,,,,,,,,,,,,,,,,,,,,,
,,,,,,,,,,,,,,,,,,,,,,
,,,,,,,,,,,,,,,,,,,,,,
,,,,,,,,,,,,,,,,,,,,,,
,,,,,,,,,,,,,,,,,,,,,,
,,,,,,,,,,,,,,,,,,,,,,
,,,,,,,,,,,,,,,,,,,,,,
,,,,,,,,,,,,,,,,,,,,,,
,,,,,,,,,,,,,,,,,,,,,,
,,,,,,,,,,,,,,,,,,,,,,
,,,,,,,,,,,,,,,,,,,,,,
,,,,,,,,,,,,,,,,,,,,,,
,,,,when can announce,,,,,,,,,,,,,,,,,,
